,0
0,https://www.yelp.com/biz/tselogs-san-francisco-5?osq=Restaurants
1,https://www.yelp.com/biz/nicks-crispy-tacos-san-francisco-2?osq=Restaurants
2,https://www.yelp.com/biz/golden-boy-pizza-san-francisco?osq=Restaurants
3,https://www.yelp.com/biz/house-of-pancakes-san-francisco?osq=Restaurants
4,https://www.yelp.com/biz/the-bird-san-francisco?osq=Restaurants
5,https://www.yelp.com/biz/el-farolito-san-francisco-2?osq=Restaurants
6,https://www.yelp.com/biz/la-taqueria-san-francisco-2?osq=Restaurants
7,https://www.yelp.com/biz/thai-time-restaurant-san-francisco?osq=Restaurants
8,https://www.yelp.com/biz/super-duper-burgers-san-francisco-4?osq=Restaurants
9,https://www.yelp.com/biz/palmyra-san-francisco?osq=Restaurants
10,https://www.yelp.com/biz/yama-chan-san-francisco?osq=Restaurants
11,https://www.yelp.com/biz/new-fortune-restaurant-san-francisco?osq=Restaurants
12,https://www.yelp.com/biz/dragoneats-san-francisco-7?osq=Restaurants
13,https://www.yelp.com/biz/sam-wo-restaurant-san-francisco-3?osq=Restaurants
14,https://www.yelp.com/biz/t%C3%BA-lan-san-francisco-4?osq=Restaurants
15,https://www.yelp.com/biz/kim-son-vietnamese-restaurant-san-francisco?osq=Restaurants
16,https://www.yelp.com/biz/taboun-san-francisco?osq=Restaurants
17,https://www.yelp.com/biz/street-taco-san-francisco?osq=Restaurants
18,https://www.yelp.com/biz/pho-huynh-hiep-2-kevins-noodle-house-san-francisco?osq=Restaurants
19,https://www.yelp.com/biz/volcano-san-francisco?osq=Restaurants
20,https://www.yelp.com/biz/pushkin-san-francisco?osq=Restaurants
21,https://www.yelp.com/biz/yuanbao-jiaozi-san-francisco-2?osq=Restaurants
22,https://www.yelp.com/biz/pho-2000-san-francisco?osq=Restaurants
23,https://www.yelp.com/biz/good-luck-dim-sum-san-francisco?osq=Restaurants
24,https://www.yelp.com/biz/creator-san-francisco?osq=Restaurants
25,https://www.yelp.com/biz/truly-mediterranean-san-francisco?osq=Restaurants
26,https://www.yelp.com/biz/blaze-fast-fired-pizza-san-francisco?osq=Restaurants
27,https://www.yelp.com/biz/zen-yai-thai-restaurant-san-francisco?osq=Restaurants
28,https://www.yelp.com/biz/underground-grill-king-san-francisco?osq=Restaurants
29,https://www.yelp.com/biz/pancho-villa-taqueria-san-francisco?osq=Restaurants
30,https://www.yelp.com/biz/delicious-dim-sum-san-francisco?osq=Restaurants
31,https://www.yelp.com/biz/cordon-bleu-san-francisco?osq=Restaurants
32,https://www.yelp.com/biz/platform-248-san-francisco-5?osq=Restaurants
33,https://www.yelp.com/biz/hawaiian-drive-inn-san-francisco-3?osq=Restaurants
34,https://www.yelp.com/biz/kingdom-of-dumpling-san-francisco-7?osq=Restaurants
35,https://www.yelp.com/biz/silk-road-san-francisco-2?osq=Restaurants
36,https://www.yelp.com/biz/hai-ky-noodles-san-francisco?osq=Restaurants
37,https://www.yelp.com/biz/in-n-out-burger-san-francisco?osq=Restaurants
38,https://www.yelp.com/biz/pizza-squared-san-francisco?osq=Restaurants
39,https://www.yelp.com/biz/dinosaurs-san-francisco-4?osq=Restaurants
40,https://www.yelp.com/biz/good-mong-kok-bakery-san-francisco?osq=Restaurants
41,https://www.yelp.com/biz/saigon-sandwich-san-francisco?osq=Restaurants
42,https://www.yelp.com/biz/yamo-san-francisco?osq=Restaurants
43,https://www.yelp.com/biz/boba-guys-san-francisco-10?osq=Restaurants
44,https://www.yelp.com/biz/thai-nghiep-ky-mi-gia-san-francisco?osq=Restaurants
45,https://www.yelp.com/biz/slice-house-haight-by-tony-gemignani-san-francisco?osq=Restaurants
46,https://www.yelp.com/biz/tempest-san-francisco?osq=Restaurants
47,https://www.yelp.com/biz/taqueria-guadalajara-san-francisco?osq=Restaurants
48,https://www.yelp.com/biz/broken-record-san-francisco?osq=Restaurants
49,https://www.yelp.com/biz/the-flying-falafel-san-francisco-3?osq=Restaurants
50,https://www.yelp.com/biz/cafe-bunn-mi-san-francisco?osq=Restaurants
51,https://www.yelp.com/biz/uno-dos-tacos-san-francisco-3?osq=Restaurants
52,https://www.yelp.com/biz/los-kuyas-san-francisco?osq=Restaurants
53,https://www.yelp.com/biz/za-pizza-san-francisco?osq=Restaurants
54,https://www.yelp.com/biz/counter-offer-san-francisco?osq=Restaurants
55,https://www.yelp.com/biz/el-metate-restaurant-san-francisco?osq=Restaurants
56,https://www.yelp.com/biz/yummy-dumpling-san-francisco?osq=Restaurants
57,https://www.yelp.com/biz/taqueria-canc%C3%BAn-san-francisco-5?osq=Restaurants
58,https://www.yelp.com/biz/basa-seafood-express-san-francisco?osq=Restaurants
59,https://www.yelp.com/biz/guardinos-san-francisco?osq=Restaurants
60,https://www.yelp.com/biz/cheung-hing-san-francisco?osq=Restaurants
61,https://www.yelp.com/biz/el-sur-san-francisco?osq=Restaurants
62,https://www.yelp.com/biz/shanghai-dumpling-king-san-francisco-3?osq=Restaurants
63,https://www.yelp.com/biz/la-palma-mexicatessen-san-francisco?osq=Restaurants
64,https://www.yelp.com/biz/dragoneats-san-francisco-3?osq=Restaurants
65,https://www.yelp.com/biz/chanvi-eatery-san-francisco?osq=Restaurants
66,https://www.yelp.com/biz/raavi-san-francisco-2?osq=Restaurants
67,https://www.yelp.com/biz/b-and-b-banh-mi-and-boba-san-francisco?osq=Restaurants
68,https://www.yelp.com/biz/la-oaxaque%C3%B1a-san-francisco-2?osq=Restaurants
69,https://www.yelp.com/biz/pizzeria-avellino-san-francisco?osq=Restaurants
70,https://www.yelp.com/biz/navin-thai-restaurant-san-francisco-2?osq=Restaurants
71,https://www.yelp.com/biz/petes-barbeque-san-francisco?osq=Restaurants
72,https://www.yelp.com/biz/aceking-bbq-san-francisco-3?osq=Restaurants
73,https://www.yelp.com/biz/arizmendi-bakery-san-francisco?osq=Restaurants
74,https://www.yelp.com/biz/kasa-indian-eatery-san-francisco?osq=Restaurants
75,https://www.yelp.com/biz/toma-san-francisco?osq=Restaurants
76,https://www.yelp.com/biz/marcellos-pizza-san-francisco?osq=Restaurants
77,https://www.yelp.com/biz/an-chi-san-francisco-2?osq=Restaurants
78,https://www.yelp.com/biz/yo-yos-san-francisco?osq=Restaurants
79,https://www.yelp.com/biz/kam-po-kitchen-san-francisco?osq=Restaurants
80,https://www.yelp.com/biz/jt-restaurant-san-francisco?osq=Restaurants
81,https://www.yelp.com/biz/wok-shop-cafe-san-francisco?osq=Restaurants
82,https://www.yelp.com/biz/kusina-ni-tess-san-francisco?osq=Restaurants
83,https://www.yelp.com/biz/dapper-dog-san-francisco-5?osq=Restaurants
84,https://www.yelp.com/biz/pho-tan-hoa-san-francisco?osq=Restaurants
85,https://www.yelp.com/biz/little-vietnam-cafe-san-francisco?osq=Restaurants
86,https://www.yelp.com/biz/dim-sum-bistro-san-francisco?osq=Restaurants
87,https://www.yelp.com/biz/papalote-mexican-grill-san-francisco-2?osq=Restaurants
88,https://www.yelp.com/biz/sams-san-francisco?osq=Restaurants
89,https://www.yelp.com/biz/belly-good-cafe-and-crepes-san-francisco?osq=Restaurants
90,https://www.yelp.com/biz/fog-harbor-fish-house-san-francisco-2?osq=Restaurants
91,https://www.yelp.com/biz/marufuku-ramen-sf-san-francisco?osq=Restaurants
92,https://www.yelp.com/biz/um-ma-san-francisco-3?osq=Restaurants
93,https://www.yelp.com/biz/farmhouse-kitchen-thai-cuisine-san-francisco?osq=Restaurants
94,https://www.yelp.com/biz/voodoo-love-san-francisco?osq=Restaurants
95,https://www.yelp.com/biz/beretta-san-francisco?osq=Restaurants
96,https://www.yelp.com/biz/lim%C3%B3n-rotisserie-san-francisco-3?osq=Restaurants
97,https://www.yelp.com/biz/burma-superstar-san-francisco-2?osq=Restaurants
98,https://www.yelp.com/biz/inovino-san-francisco?osq=Restaurants
99,https://www.yelp.com/biz/mamo-san-francisco?osq=Restaurants
100,https://www.yelp.com/biz/suppenk%C3%BCche-san-francisco-2?osq=Restaurants
101,https://www.yelp.com/biz/lol%C3%B3-san-francisco-4?osq=Restaurants
102,https://www.yelp.com/biz/the-front-porch-san-francisco?osq=Restaurants
103,https://www.yelp.com/biz/tuba-authentic-turkish-restaurant-san-francisco?osq=Restaurants
104,https://www.yelp.com/biz/daeho-kalbijjim-and-beef-soup-san-francisco-9?osq=Restaurants
105,https://www.yelp.com/biz/delarosa-san-francisco?osq=Restaurants
106,https://www.yelp.com/biz/nara-restaurant-and-sake-bar-san-francisco?osq=Restaurants
107,https://www.yelp.com/biz/tropisueno-san-francisco-8?osq=Restaurants
108,https://www.yelp.com/biz/pier-market-seafood-restaurant-san-francisco?osq=Restaurants
109,https://www.yelp.com/biz/sotto-mare-oysteria-and-seafood-san-francisco?osq=Restaurants
110,https://www.yelp.com/biz/starbelly-san-francisco?osq=Restaurants
111,https://www.yelp.com/biz/san-tung-san-francisco-2?osq=Restaurants
112,https://www.yelp.com/biz/delarosa-san-francisco-3?osq=Restaurants
113,https://www.yelp.com/biz/kin-khao-san-francisco-2?osq=Restaurants
114,https://www.yelp.com/biz/mona-lisa-restaurant-san-francisco?osq=Restaurants
115,https://www.yelp.com/biz/dancing-yak-san-francisco-9?osq=Restaurants
116,https://www.yelp.com/biz/zazie-san-francisco?osq=Restaurants
117,https://www.yelp.com/biz/emmys-spaghetti-shack-san-francisco-2?osq=Restaurants
118,https://www.yelp.com/biz/jang-soo-bbq-san-francisco?osq=Restaurants
119,https://www.yelp.com/biz/beit-rima-san-francisco-3?osq=Restaurants
120,https://www.yelp.com/biz/lao-table-san-francisco?osq=Restaurants
121,https://www.yelp.com/biz/ppq-dungeness-island-san-francisco-2?osq=Restaurants
122,https://www.yelp.com/biz/izakaya-kou-san-francisco-2?osq=Restaurants
123,https://www.yelp.com/biz/the-dorian-san-francisco?osq=Restaurants
124,https://www.yelp.com/biz/skool-san-francisco?osq=Restaurants
125,https://www.yelp.com/biz/noosh-san-francisco?osq=Restaurants
126,https://www.yelp.com/biz/troya-san-francisco-3?osq=Restaurants
127,https://www.yelp.com/biz/mandalay-san-francisco?osq=Restaurants
128,https://www.yelp.com/biz/dumpling-kitchen-san-francisco?osq=Restaurants
129,https://www.yelp.com/biz/shizen-vegan-sushi-bar-and-izakaya-san-francisco?osq=Restaurants
130,https://www.yelp.com/biz/tonys-pizza-napoletana-san-francisco?osq=Restaurants
131,https://www.yelp.com/biz/tataki-san-francisco?osq=Restaurants
132,https://www.yelp.com/biz/lark-san-francisco-2?osq=Restaurants
133,https://www.yelp.com/biz/marlowe-san-francisco-2?osq=Restaurants
134,https://www.yelp.com/biz/barrel-head-brewhouse-san-francisco-5?osq=Restaurants
135,https://www.yelp.com/biz/picaro-san-francisco?osq=Restaurants
136,https://www.yelp.com/biz/kitchen-story-san-francisco?osq=Restaurants
137,https://www.yelp.com/biz/lim%C3%B3n-rotisserie-san-francisco-4?osq=Restaurants
138,https://www.yelp.com/biz/mr-szechuan-san-francisco?osq=Restaurants
139,https://www.yelp.com/biz/el-techo-san-francisco?osq=Restaurants
140,https://www.yelp.com/biz/causwells-san-francisco-5?osq=Restaurants
141,https://www.yelp.com/biz/z-and-y-restaurant-san-francisco-3?osq=Restaurants
142,https://www.yelp.com/biz/palm-house-san-francisco?osq=Restaurants
143,https://www.yelp.com/biz/the-pink-elephant-alibi-san-francisco-3?osq=Restaurants
144,https://www.yelp.com/biz/woodhouse-fish-company-san-francisco-3?osq=Restaurants
145,https://www.yelp.com/biz/padrecito-san-francisco?osq=Restaurants
146,https://www.yelp.com/biz/hodala-san-francisco?osq=Restaurants
147,https://www.yelp.com/biz/inle-burmese-cuisine-san-francisco?osq=Restaurants
148,https://www.yelp.com/biz/old-skool-cafe-san-francisco?osq=Restaurants
149,https://www.yelp.com/biz/little-delhi-san-francisco?osq=Restaurants
150,https://www.yelp.com/biz/purple-rice-san-francisco?osq=Restaurants
151,https://www.yelp.com/biz/myriad-gastropub-san-francisco?osq=Restaurants
152,https://www.yelp.com/biz/khamsa-san-francisco?osq=Restaurants
153,https://www.yelp.com/biz/ragazza-san-francisco?osq=Restaurants
154,https://www.yelp.com/biz/alegrias-san-francisco?osq=Restaurants
155,https://www.yelp.com/biz/bacco-san-francisco?osq=Restaurants
156,https://www.yelp.com/biz/dumpling-time-san-francisco?osq=Restaurants
157,https://www.yelp.com/biz/fondue-cowboy-san-francisco?osq=Restaurants
158,https://www.yelp.com/biz/blind-butcher-san-francisco-2?osq=Restaurants
159,https://www.yelp.com/biz/bella-trattoria-san-francisco?osq=Restaurants
160,https://www.yelp.com/biz/top-sf-bbq-san-francisco?osq=Restaurants
161,https://www.yelp.com/biz/maven-san-francisco?osq=Restaurants
162,https://www.yelp.com/biz/mozzeria-san-francisco?osq=Restaurants
163,https://www.yelp.com/biz/mensho-tokyo-san-francisco-2?osq=Restaurants
164,https://www.yelp.com/biz/cha-cha-cha-san-francisco-4?osq=Restaurants
165,https://www.yelp.com/biz/cuisine-of-nepal-san-francisco?osq=Restaurants
166,https://www.yelp.com/biz/zero-zero-san-francisco?osq=Restaurants
167,https://www.yelp.com/biz/hog-island-oyster-co-san-francisco?osq=Restaurants
168,https://www.yelp.com/biz/rooftop-25-san-francisco-2?osq=Restaurants
169,https://www.yelp.com/biz/souvla-san-francisco-3?osq=Restaurants
170,https://www.yelp.com/biz/the-monks-kettle-san-francisco?osq=Restaurants
171,https://www.yelp.com/biz/lers-ros-san-francisco-2?osq=Restaurants
172,https://www.yelp.com/biz/paina-lounge-and-restaurant-san-francisco?osq=Restaurants
173,https://www.yelp.com/biz/nopalito-san-francisco-3?osq=Restaurants
174,https://www.yelp.com/biz/mangrove-kitchen-san-francisco?osq=Restaurants
175,https://www.yelp.com/biz/orenchi-beyond-san-francisco-6?osq=Restaurants
176,https://www.yelp.com/biz/lupa-trattoria-san-francisco?osq=Restaurants
177,https://www.yelp.com/biz/berber-san-francisco-4?osq=Restaurants
178,https://www.yelp.com/biz/paprika-san-francisco?osq=Restaurants
179,https://www.yelp.com/biz/nopalito-san-francisco?osq=Restaurants
180,https://www.yelp.com/biz/tacorea-san-francisco?osq=Restaurants
181,https://www.yelp.com/biz/zazang-korean-noodles-san-francisco?osq=Restaurants
182,https://www.yelp.com/biz/marugame-udon-san-francisco-4?osq=Restaurants
183,https://www.yelp.com/biz/cafe-europa-san-francisco?osq=Restaurants
184,https://www.yelp.com/biz/dragon-beaux-san-francisco?osq=Restaurants
185,https://www.yelp.com/biz/halu-san-francisco?osq=Restaurants
186,https://www.yelp.com/biz/leopolds-san-francisco-2?osq=Restaurants
187,https://www.yelp.com/biz/marnee-thai-san-francisco-2?osq=Restaurants
188,https://www.yelp.com/biz/b-star-bar-san-francisco?osq=Restaurants
189,https://www.yelp.com/biz/m-y-china-san-francisco-2?osq=Restaurants
190,https://www.yelp.com/biz/blackwood-san-francisco-3?osq=Restaurants
191,https://www.yelp.com/biz/chubby-noodle-san-francisco-3?osq=Restaurants
192,https://www.yelp.com/biz/serpentine-san-francisco?osq=Restaurants
193,https://www.yelp.com/biz/osteria-bella-san-francisco-2?osq=Restaurants
194,https://www.yelp.com/biz/izakaya-sozai-san-francisco?osq=Restaurants
195,https://www.yelp.com/biz/roma-antica-san-francisco-3?osq=Restaurants
196,https://www.yelp.com/biz/hogwash-san-francisco?osq=Restaurants
197,https://www.yelp.com/biz/the-codmother-fish-and-chips-san-francisco-3?osq=Restaurants
198,https://www.yelp.com/biz/hops-and-hominy-san-francisco?osq=Restaurants
199,https://www.yelp.com/biz/the-crew-san-francisco?osq=Restaurants
200,https://www.yelp.com/biz/se%C3%B1or-sisig-restaurant-san-francisco?osq=Restaurants
201,https://www.yelp.com/biz/pink-onion-san-francisco?osq=Restaurants
202,https://www.yelp.com/biz/el-mansour-san-francisco?osq=Restaurants
203,https://www.yelp.com/biz/willkommen-san-francisco-3?osq=Restaurants
204,https://www.yelp.com/biz/mission-street-oyster-bar-and-seafood-restaurant-san-francisco?osq=Restaurants
205,https://www.yelp.com/biz/pizzetta-211-san-francisco?osq=Restaurants
206,https://www.yelp.com/biz/bask-san-francisco-2?osq=Restaurants
207,https://www.yelp.com/biz/hook-fish-san-francisco-5?osq=Restaurants
208,https://www.yelp.com/biz/marrakech-magic-theater-san-francisco-5?osq=Restaurants
209,https://www.yelp.com/biz/boiling-hot-pot-san-francisco?osq=Restaurants
210,https://www.yelp.com/biz/prubechu-san-francisco?osq=Restaurants
211,https://www.yelp.com/biz/the-house-san-francisco?osq=Restaurants
212,https://www.yelp.com/biz/scomas-restaurant-san-francisco-3?osq=Restaurants
213,https://www.yelp.com/biz/liholiho-yacht-club-san-francisco-2?osq=Restaurants
214,https://www.yelp.com/biz/nopa-san-francisco?osq=Restaurants
215,https://www.yelp.com/biz/dosa-on-fillmore-san-francisco-3?osq=Restaurants
216,https://www.yelp.com/biz/kokkari-estiatorio-san-francisco?osq=Restaurants
217,https://www.yelp.com/biz/lolinda-san-francisco?osq=Restaurants
218,https://www.yelp.com/biz/house-of-prime-rib-san-francisco?osq=Restaurants
219,https://www.yelp.com/biz/coqueta-san-francisco?osq=Restaurants
220,https://www.yelp.com/biz/zuni-caf%C3%A9-san-francisco-3?osq=Restaurants
221,https://www.yelp.com/biz/wayfare-tavern-san-francisco-2?osq=Restaurants
222,https://www.yelp.com/biz/thanh-long-san-francisco?osq=Restaurants
223,https://www.yelp.com/biz/la-mar-cebicher%C3%ADa-peruana-san-francisco-4?osq=Restaurants
224,https://www.yelp.com/biz/la-ciccia-san-francisco?osq=Restaurants
225,https://www.yelp.com/biz/delfina-san-francisco?osq=Restaurants
226,https://www.yelp.com/biz/anchor-oyster-bar-san-francisco?osq=Restaurants
227,https://www.yelp.com/biz/cockscomb-san-francisco?osq=Restaurants
228,https://www.yelp.com/biz/bluestem-brasserie-san-francisco?osq=Restaurants
229,https://www.yelp.com/biz/state-bird-provisions-san-francisco?osq=Restaurants
230,https://www.yelp.com/biz/kitchen-istanbul-san-francisco?osq=Restaurants
231,https://www.yelp.com/biz/asiasf-san-francisco?osq=Restaurants
232,https://www.yelp.com/biz/firefly-restaurant-san-francisco-4?osq=Restaurants
233,https://www.yelp.com/biz/bellota-san-francisco?osq=Restaurants
234,https://www.yelp.com/biz/sutros-at-the-cliff-house-san-francisco?osq=Restaurants
235,https://www.yelp.com/biz/5a5-steak-lounge-san-francisco-4?osq=Restaurants
236,https://www.yelp.com/biz/cotogna-san-francisco?osq=Restaurants
237,https://www.yelp.com/biz/sorrel-san-francisco-3?osq=Restaurants
238,https://www.yelp.com/biz/waterbar-san-francisco?osq=Restaurants
239,https://www.yelp.com/biz/l-ardoise-bistro-san-francisco?osq=Restaurants
240,https://www.yelp.com/biz/flour-water-san-francisco?osq=Restaurants
241,https://www.yelp.com/biz/cocotte-san-francisco?osq=Restaurants
242,https://www.yelp.com/biz/frances-san-francisco?osq=Restaurants
243,https://www.yelp.com/biz/mourad-restaurant-san-francisco?osq=Restaurants
244,https://www.yelp.com/biz/bota-tapas-and-paella-bar-san-francisco-3?osq=Restaurants
245,https://www.yelp.com/biz/aziza-san-francisco?osq=Restaurants
246,https://www.yelp.com/biz/trestle-san-francisco?osq=Restaurants
247,https://www.yelp.com/biz/isa-restaurant-san-francisco?osq=Restaurants
248,https://www.yelp.com/biz/pl%C3%A4j-scandinavian-restaurant-and-bar-san-francisco?osq=Restaurants
249,https://www.yelp.com/biz/espetus-brazilian-steak-house-san-francisco?osq=Restaurants
250,https://www.yelp.com/biz/seven-hills-san-francisco?osq=Restaurants
251,https://www.yelp.com/biz/rich-table-san-francisco?osq=Restaurants
252,https://www.yelp.com/biz/rintaro-san-francisco-4?osq=Restaurants
253,https://www.yelp.com/biz/uma-casa-san-francisco?osq=Restaurants
254,https://www.yelp.com/biz/le-ptit-laurent-san-francisco-2?osq=Restaurants
255,https://www.yelp.com/biz/the-richmond-san-francisco?osq=Restaurants
256,https://www.yelp.com/biz/crab-house-at-pier-39-san-francisco-3?osq=Restaurants
257,https://www.yelp.com/biz/credo-san-francisco?osq=Restaurants
258,https://www.yelp.com/biz/bix-san-francisco?osq=Restaurants
259,https://www.yelp.com/biz/blue-plate-san-francisco?osq=Restaurants
260,https://www.yelp.com/biz/locanda-san-francisco?osq=Restaurants
261,https://www.yelp.com/biz/foreign-cinema-san-francisco?osq=Restaurants
262,https://www.yelp.com/biz/the-slanted-door-san-francisco?osq=Restaurants
263,https://www.yelp.com/biz/octavia-san-francisco?osq=Restaurants
264,https://www.yelp.com/biz/bar-crudo-san-francisco?osq=Restaurants
265,https://www.yelp.com/biz/chapeau-san-francisco?osq=Restaurants
266,https://www.yelp.com/biz/3rd-cousin-san-francisco-2?osq=Restaurants
267,https://www.yelp.com/biz/tadich-grill-san-francisco?osq=Restaurants
268,https://www.yelp.com/biz/boulevard-san-francisco?osq=Restaurants
269,https://www.yelp.com/biz/farallon-san-francisco?osq=Restaurants
270,https://www.yelp.com/biz/town-hall-san-francisco?osq=Restaurants
271,https://www.yelp.com/biz/1760-san-francisco?osq=Restaurants
272,https://www.yelp.com/biz/fringale-san-francisco?osq=Restaurants
273,https://www.yelp.com/biz/saru-sushi-bar-san-francisco?osq=Restaurants
274,https://www.yelp.com/biz/54-mint-ristorante-italiano-san-francisco-2?osq=Restaurants
275,https://www.yelp.com/biz/the-saratoga-san-francisco?osq=Restaurants
276,https://www.yelp.com/biz/franciscas-san-francisco?osq=Restaurants
277,https://www.yelp.com/biz/the-rotunda-san-francisco-2?osq=Restaurants
278,https://www.yelp.com/biz/hillstone-san-francisco-4?osq=Restaurants
279,https://www.yelp.com/biz/amber-india-san-francisco-3?osq=Restaurants
280,https://www.yelp.com/biz/the-morris-san-francisco?osq=Restaurants
281,https://www.yelp.com/biz/capannina-san-francisco?osq=Restaurants
282,https://www.yelp.com/biz/a16-san-francisco-4?osq=Restaurants
283,https://www.yelp.com/biz/toy-soldier-san-francisco?osq=Restaurants
284,https://www.yelp.com/biz/che-fico-san-francisco-3?osq=Restaurants
285,https://www.yelp.com/biz/mccormick-and-kuletos-seafood-and-steaks-san-francisco-2?osq=Restaurants
286,https://www.yelp.com/biz/gardenias-san-francisco-2?osq=Restaurants
287,https://www.yelp.com/biz/salt-house-san-francisco?osq=Restaurants
288,https://www.yelp.com/biz/nari-san-francisco-3?osq=Restaurants
289,https://www.yelp.com/biz/piperade-san-francisco?osq=Restaurants
290,https://www.yelp.com/biz/gibson-san-francisco?osq=Restaurants
291,https://www.yelp.com/biz/cala-san-francisco-2?osq=Restaurants
292,https://www.yelp.com/biz/cafe-claude-san-francisco?osq=Restaurants
293,https://www.yelp.com/biz/absinthe-brasserie-and-bar-san-francisco-2?osq=Restaurants
294,https://www.yelp.com/biz/maybecks-san-francisco?osq=Restaurants
295,https://www.yelp.com/biz/central-kitchen-san-francisco?osq=Restaurants
296,https://www.yelp.com/biz/johns-grill-san-francisco?osq=Restaurants
297,https://www.yelp.com/biz/altovino-san-francisco?osq=Restaurants
298,https://www.yelp.com/biz/sasa-san-francisco?osq=Restaurants
299,https://www.yelp.com/biz/crustacean-san-francisco?osq=Restaurants
